case_id,government_name,category,specification_state,specification_source_id,qa_amendment_state,qa_amendment_source_id,requirement_matrix_state,requirement_matrix_source_id,evaluation_state,evaluation_source_id,result_state,result_source_id,contract_final_state,contract_final_source_id,selection_state,selection_source_id,contract_state,contract_source_id,operation_state,operation_source_id,public_reconstructability,blocking_roles,last_verified,notes
sendai-2025-genai-pilot,仙台市,general_genai_pilot_rag_training,reviewed,SRC-sendai-2025-spec,reviewed,SRC-sendai-2025-qa,not_applicable,SRC-sendai-2025-spec,reviewed,SRC-sendai-2025-evaluation,reviewed,SRC-sendai-2025-page,not_found_in_reviewed_sources,SRC-sendai-2025-page,not_assessed,,not_assessed,,not_assessed,,publicly_bounded,contract_final:not_found_in_reviewed_sources,2026-10-01,"Generated comparison projection. No case_stage row has been assessed for this case; this does not mean unselected, uncontracted, or not operating."
sendai-2026-genai-service,仙台市,general_genai_rag_internal_operations,not_assessed,,not_assessed,,not_assessed,,not_assessed,,not_assessed,,not_assessed,,not_assessed,,not_assessed,,not_assessed,,not_assessed,,,"Generated comparison projection. No case_stage row has been assessed for this case; this does not mean unselected, uncontracted, or not operating."
obu-2026-genai-service,大府市,general_genai_service,reviewed,SRC-obu-2026-spec,reviewed,SRC-obu-2026-qa,source_unavailable,SRC-obu-2026-requirement-matrix,source_unavailable,SRC-obu-2026-evaluation-matrix,reviewed,SRC-obu-2026-page,not_assessed,,not_assessed,,not_assessed,,not_assessed,,publicly_bounded,requirement_matrix:source_unavailable;evaluation:source_unavailable,2026-10-01,"Generated comparison projection. No case_stage row has been assessed for this case; this does not mean unselected, uncontracted, or not operating."
yaizu-2025-genai-service,焼津市,general_genai_service,reviewed,SRC-yaizu-2025-spec,reviewed,SRC-yaizu-2025-qa,source_unavailable,SRC-yaizu-2025-requirement-matrix,reviewed,SRC-yaizu-2025-evaluation,reviewed,SRC-yaizu-2025-page,not_found_in_reviewed_sources,SRC-yaizu-2025-contract-draft,not_assessed,,not_assessed,,not_assessed,,publicly_bounded,requirement_matrix:source_unavailable;contract_final:not_found_in_reviewed_sources,2026-10-01,"Generated comparison projection. No case_stage row has been assessed for this case; this does not mean unselected, uncontracted, or not operating."
kyoto-2026-general-genai,京都市,general_purpose_genai,reviewed,SRC-kyoto-2026-general-genai-spec,not_found_in_reviewed_sources,,not_applicable,SRC-kyoto-2026-general-genai-spec,reviewed,SRC-kyoto-2026-general-genai-spec,reviewed,SRC-kyoto-2026-general-genai-result,not_found_in_reviewed_sources,SRC-kyoto-2026-general-genai-spec,selected_candidate_confirmed,SRC-kyoto-2026-general-genai-result,not_verified,,not_verified,,publicly_bounded,qa_amendment:not_found_in_reviewed_sources;contract_final:not_found_in_reviewed_sources,2026-10-02,"Generated comparison projection. Review coverage and procurement stage are separate evidence dimensions; selection does not imply contract, and contract does not imply operation."
kobe-2026-spec-authoring-ai,神戸市,genai_specification_authoring,reviewed,SRC-kobe-2026-spec-authoring-spec,not_public,SRC-kobe-2026-spec-authoring-qa-private,not_applicable,SRC-kobe-2026-spec-authoring-spec,reviewed,SRC-kobe-2026-spec-authoring-evaluation,reviewed,SRC-kobe-2026-spec-authoring-page,not_found_in_reviewed_sources,SRC-kobe-2026-spec-authoring-contract-draft,selected_candidate_confirmed,SRC-kobe-2026-spec-authoring-page,not_verified,,not_verified,,publicly_bounded,qa_amendment:not_public;contract_final:not_found_in_reviewed_sources,2026-10-02,"Generated comparison projection. Review coverage and procurement stage are separate evidence dimensions; selection does not imply contract, and contract does not imply operation."
saitama-2026-ai-digital-support,埼玉県,citizen_application_consultation_support,reviewed,SRC-saitama-2026-ai-support-spec,reviewed,SRC-saitama-2026-ai-support-qa,not_applicable,SRC-saitama-2026-ai-support-spec,reviewed,SRC-saitama-2026-ai-support-evaluation,reviewed,SRC-saitama-2026-ai-support-page,not_found_in_reviewed_sources,SRC-saitama-2026-ai-support-contract-draft,selected_candidate_confirmed,SRC-saitama-2026-ai-support-page,not_verified,,not_verified,,publicly_bounded,contract_final:not_found_in_reviewed_sources,2026-10-03,"Generated comparison projection. Review coverage and procurement stage are separate evidence dimensions; selection does not imply contract, and contract does not imply operation."
nishiwaki-2025-genai-service,西脇市,general_genai_service,not_assessed,,not_assessed,,not_assessed,,not_assessed,,not_assessed,,not_assessed,,not_assessed,,not_assessed,,not_assessed,,not_assessed,,,"Generated comparison projection. No case_stage row has been assessed for this case; this does not mean unselected, uncontracted, or not operating."
toyooka-2025-genai-service,豊岡市,general_genai_service,not_assessed,,not_assessed,,not_assessed,,not_assessed,,not_assessed,,not_assessed,,not_assessed,,not_assessed,,not_assessed,,not_assessed,,,"Generated comparison projection. No case_stage row has been assessed for this case; this does not mean unselected, uncontracted, or not operating."
harima-2025-genai-service,播磨町,general_genai_service,not_assessed,,not_assessed,,not_assessed,,not_assessed,,not_assessed,,not_assessed,,not_assessed,,not_assessed,,not_assessed,,not_assessed,,,"Generated comparison projection. No case_stage row has been assessed for this case; this does not mean unselected, uncontracted, or not operating."
oumi-2026-joint-genai,おうみ自治体クラウド協議会,shared_municipal_genai_service,reviewed,SRC-oumi-2026-spec,reviewed,SRC-oumi-2026-qa,not_assessed,,reviewed,SRC-oumi-2026-evaluation,reviewed,SRC-oumi-2026-result,not_found_in_reviewed_sources,SRC-oumi-2026-result,not_assessed,,not_assessed,,not_assessed,,publicly_bounded,contract_final:not_found_in_reviewed_sources,2026-10-01,"Generated comparison projection. No case_stage row has been assessed for this case; this does not mean unselected, uncontracted, or not operating."
kobe-2025-dify-platform,神戸市,genai_platform_rag_workflow_agent,not_assessed,,not_assessed,,not_assessed,,not_assessed,,not_assessed,,not_assessed,,not_assessed,,not_assessed,,not_assessed,,not_assessed,,,"Generated comparison projection. No case_stage row has been assessed for this case; this does not mean unselected, uncontracted, or not operating."
kobe-2026-tax-voicebot,神戸市,genai_voicebot_tax_inquiries,reviewed,SRC-kobe-2026-voicebot-spec,not_public,SRC-kobe-2026-voicebot-qa-private,not_assessed,,reviewed,SRC-kobe-2026-voicebot-guide,reviewed,SRC-kobe-2026-voicebot-page,not_public,SRC-kobe-2026-voicebot-guide,not_assessed,,not_assessed,,not_assessed,,publicly_bounded,qa_amendment:not_public;contract_final:not_public,2026-10-01,"Generated comparison projection. No case_stage row has been assessed for this case; this does not mean unselected, uncontracted, or not operating."
koshigaya-2024-genai-service-training,越谷市,general_genai_service_training,reviewed,SRC-koshigaya-2024-spec,reviewed,SRC-koshigaya-2024-qa,not_applicable,SRC-koshigaya-2024-spec,reviewed,SRC-koshigaya-2024-guide,reviewed,SRC-koshigaya-2024-result,not_assessed,,not_assessed,,not_assessed,,not_assessed,,not_assessed,,2026-10-01,"Generated comparison projection. No case_stage row has been assessed for this case; this does not mean unselected, uncontracted, or not operating."
kitakyushu-2025-genai-service,北九州市,general_genai_rag_migration,reviewed,SRC-kitakyushu-2025-spec,not_public,SRC-kitakyushu-2025-qa-private,source_unavailable,SRC-kitakyushu-2025-feature-matrix,reviewed,SRC-kitakyushu-2025-evaluation,reviewed,SRC-kitakyushu-2025-page,not_assessed,,not_assessed,,not_assessed,,not_assessed,,publicly_bounded,qa_amendment:not_public;requirement_matrix:source_unavailable,2026-10-01,"Generated comparison projection. No case_stage row has been assessed for this case; this does not mean unselected, uncontracted, or not operating."
hamada-2025-municipal-genai,浜田市,municipal_genai_service,not_assessed,,not_assessed,,not_assessed,,not_assessed,,not_assessed,,not_assessed,,not_assessed,,not_assessed,,not_assessed,,not_assessed,,,"Generated comparison projection. No case_stage row has been assessed for this case; this does not mean unselected, uncontracted, or not operating."
wakayama-2026-genai-support,和歌山県,general_genai_rag_deep_research_support,not_assessed,,not_assessed,,not_assessed,,not_assessed,,not_assessed,,not_assessed,,not_assessed,,not_assessed,,not_assessed,,not_assessed,,,"Generated comparison projection. No case_stage row has been assessed for this case; this does not mean unselected, uncontracted, or not operating."
yamagata-gifu-2026-genai-service,山県市,general_genai_service_rag_dashboard,not_assessed,,not_assessed,,not_assessed,,not_assessed,,not_assessed,,not_assessed,,not_assessed,,not_assessed,,not_assessed,,not_assessed,,,"Generated comparison projection. No case_stage row has been assessed for this case; this does not mean unselected, uncontracted, or not operating."
koge-2026-genai-procurement,上毛町,general_genai_service,not_assessed,,not_assessed,,not_assessed,,not_assessed,,not_assessed,,not_assessed,,not_assessed,,not_assessed,,not_assessed,,not_assessed,,,"Generated comparison projection. No case_stage row has been assessed for this case; this does not mean unselected, uncontracted, or not operating."
gosen-2026-genai-service,五泉市,general_genai_service,not_assessed,,not_assessed,,not_assessed,,not_assessed,,not_assessed,,not_assessed,,not_assessed,,not_assessed,,not_assessed,,not_assessed,,,"Generated comparison projection. No case_stage row has been assessed for this case; this does not mean unselected, uncontracted, or not operating."
fukushima-2025-genai-pilot,福島県,genai_pilot_rag_adoption,reviewed,SRC-fukushima-2025-spec,reviewed,SRC-fukushima-2025-qa,not_applicable,SRC-fukushima-2025-spec,reviewed,SRC-fukushima-2025-evaluation,reviewed,SRC-fukushima-2025-result,not_found_in_reviewed_sources,SRC-fukushima-2025-guide,selected_candidate_confirmed,SRC-fukushima-2025-result,not_verified,,not_verified,,publicly_bounded,contract_final:not_found_in_reviewed_sources,2026-10-06,"Generated comparison projection. Review coverage and procurement stage are separate evidence dimensions; selection does not imply contract, and contract does not imply operation."
fukushima-2026-genai-pilot-expansion,福島県,genai_pilot_rag_governance,reviewed,SRC-fukushima-2026-spec,not_reviewed,,not_assessed,,reviewed,SRC-fukushima-2026-evaluation,reviewed,SRC-fukushima-2026-result,not_assessed,,not_assessed,,not_assessed,,not_assessed,,not_assessed,,2026-10-01,"Generated comparison projection. No case_stage row has been assessed for this case; this does not mean unselected, uncontracted, or not operating."
kagoshima-2026-genai-service,鹿児島県,general_genai_rag_lgwan,not_assessed,,not_assessed,,not_assessed,,not_assessed,,not_assessed,,not_assessed,,not_assessed,,not_assessed,,not_assessed,,not_assessed,,,"Generated comparison projection. No case_stage row has been assessed for this case; this does not mean unselected, uncontracted, or not operating."
gunma-2026-joint-genai,群馬県情報化推進協議会,shared_municipal_genai_service,source_unavailable,SRC-gunma-2026-spec,not_found_in_reviewed_sources,,source_unavailable,SRC-gunma-2026-requirement-matrix,source_unavailable,SRC-gunma-2026-evaluation,not_found_in_reviewed_sources,,not_found_in_reviewed_sources,SRC-gunma-2026-joint-genai-guide,not_assessed,,not_assessed,,not_assessed,,publicly_bounded,specification:source_unavailable;qa_amendment:not_found_in_reviewed_sources;requirement_matrix:source_unavailable;evaluation:source_unavailable;result:not_found_in_reviewed_sources;contract_final:not_found_in_reviewed_sources,2026-10-02,"Generated comparison projection. No case_stage row has been assessed for this case; this does not mean unselected, uncontracted, or not operating."
hokkaido-2025-genai-rag-pilot,北海道,genai_rag_pilot_evaluation,reviewed,SRC-hokkaido-2025-spec,reviewed,SRC-hokkaido-2025-page,not_applicable,SRC-hokkaido-2025-spec,reviewed,SRC-hokkaido-2025-guide,conflicting_sources,SRC-hokkaido-2025-selection-result,not_found_in_reviewed_sources,SRC-hokkaido-2025-guide,selected_candidate_confirmed,SRC-hokkaido-2025-selection-result,contracted_confirmed,SRC-hokkaido-2025-contract-result,not_verified,,publicly_bounded,result:conflicting_sources;contract_final:not_found_in_reviewed_sources,2026-10-05,"Generated comparison projection. Review coverage and procurement stage are separate evidence dimensions; selection does not imply contract, and contract does not imply operation."
hokkaido-2026-genai-rag-service,北海道,genai_rag_production,source_unavailable,SRC-hokkaido-2026-processing-manual,not_assessed,,not_assessed,,not_applicable,SRC-hokkaido-2026-notice,reviewed,SRC-hokkaido-2026-result,not_found_in_reviewed_sources,SRC-hokkaido-2026-result,not_assessed,,not_assessed,,not_assessed,,publicly_bounded,specification:source_unavailable;contract_final:not_found_in_reviewed_sources,2026-10-01,"Generated comparison projection. No case_stage row has been assessed for this case; this does not mean unselected, uncontracted, or not operating."
