case_id,government_name,government_type,prefecture,fiscal_year,procurement_title,category,procurement_method,status,budget_ceiling_jpy,contract_amount_jpy,selected_vendor,applicant_count,contract_start,contract_end,purpose_summary,document_bundle,source_url,source_page_updated,verification_level,source_anomaly,collected_at
sendai-2025-genai-pilot,仙台市,city,宮城県,2025,仙台市生成AI導入実証等業務,general_genai_pilot_rag_training,公募型企画提案,awarded,2290000,,株式会社FIXER,12,,2025-10-31,RAG等の高度な検索拡張機能を備えた生成AIを一部業務へ実証導入し職員研修も実施,"募集要領;評価基準;仕様書;クラウドサービス利用基準;情報取扱特記仕様書;契約書;質問回答",https://www.city.sendai.jp/rikatsuyou/propo/ai.html,2025-07-07,official_html_verified,,2026-09-30
sendai-2026-genai-service,仙台市,city,宮城県,2026,仙台市生成AIサービス導入業務,general_genai_rag_internal_operations,公募型企画提案,selected,5896000,,株式会社ビースポーク,8,,2027-03-31,RAG等の高度機能を備えた生成AIを会計事務・人事給与事務等の内部事務へ導入,"募集要領;評価基準;仕様書;クラウドサービス利用基準;情報取扱特記仕様書;契約書;質問回答",https://www.city.sendai.jp/rikatsuyou/propo/generative-ai.html,2026-06-10,official_html_verified,,2026-09-30
obu-2026-genai-service,大府市,city,愛知県,2026,大府市生成AIサービスの導入業務,general_genai_service,公募型プロポーザル,selected,,,ソフトバンク株式会社,4,,,職員が安全かつ効率的に利用できる生成AIを導入し業務効率化と負担軽減を図る,"実施要領;業務要件一覧;二次審査表;仕様書;質疑回答",https://www.city.obu.aichi.jp/jigyo/news_jigyo/1038173.html,2026-03-18,official_html_verified,,2026-09-30
yaizu-2025-genai-service,焼津市,city,静岡県,2025,令和7年度焼津市生成AIサービス提供業務,general_genai_service,公募型プロポーザル,selected,3000000,,西日本電信電話株式会社静岡支店,,,2026-03-31,職員が業務端末で生成AIを利用できる環境を整え市民サービス向上と業務効率化を図る,"公告;実施要領;評価基準;契約書案;仕様書;要求機能一覧;質疑回答",https://www.city.yaizu.lg.jp/business/bid-contract/info/proposal/info-00032.html,2025-06-17,official_html_verified,"公式HTMLのスケジュール中に2024年表記が混在。原資料のまま未補正",2026-09-30
kyoto-2026-general-genai,京都市,city,京都府,2026,令和8年度 庁内利活用のための汎用的な生成AIサービス提供業務,general_purpose_genai,公募型プロポーザル,selected,,,株式会社サテライトオフィス,4,,,庁内利活用のための汎用的な生成AIサービスを選定,,"https://www.city.kyoto.lg.jp/sogo/page/0000351116.html",2026-03-12,official_html_verified,"上限額や詳細要件は添付資料の精査待ち",2026-09-30
kobe-2026-spec-authoring-ai,神戸市,city,兵庫県,2026,生成AIを活用した仕様書作成支援クラウドサービスの構築・運用業務,genai_specification_authoring,公募型プロポーザル,awarded,10000000,9999000,富士通Japan株式会社,2,,2027-03-31,契約事務で用いる仕様書の作成・チェックを生成AIで支援し効率化を図る,"選定要領;実施要領;仕様書;契約書;提案評価・採点表",https://www.city.kobe.lg.jp/a69423/business/202602_siyousyosakuseisiensystembosyu.html,2026-04-16,official_html_verified,,2026-09-30
saitama-2026-ai-digital-support,埼玉県,prefecture,埼玉県,2026,生成AI等による申請・相談のデジタルサポート導入及び運用保守業務委託,citizen_application_consultation_support,企画提案競技,selected,,,Allganize Japan株式会社,7,,,生成AI等を用いた申請・相談のデジタルサポートを導入・運用保守,"募集要領;契約書案;評価基準書;評価項目一覧;仕様書;情報セキュリティ特記仕様書;セキュリティ要件チェックシート",https://www.pref.saitama.lg.jp/a0104/seiseiai2026kikakuteian.html,,official_html_verified,"上限額・期間は添付資料精査待ち",2026-09-30
nishiwaki-2025-genai-service,西脇市,city,兵庫県,2025,生成AIサービス提供業務,general_genai_service,公募型プロポーザル,selected,,,株式会社イマクリエ,4,2025-09-01,2026-03-31,生成AIで業務負担・業務コストを軽減し住民サービス向上を図る,"公募型プロポーザル書類一式",https://www.city.nishiwaki.lg.jp/jigyousyamuke/nyusatsukeiyaku/koubogatapuropo/29543.html,2025-07-29,official_html_verified,,2026-09-30
toyooka-2025-genai-service,豊岡市,city,兵庫県,2025,豊岡市生成AIサービス導入業務,general_genai_service,公募型プロポーザル,closed,,,,,,,2026-03-31,クラウド型生成AIサービスを導入し職員業務の効率性と質を向上,"実施要領等（詳細抽出待ち）",https://www.city.toyooka.lg.jp/shisei/nyusatsu/kobo/1006384/1033972.html,2025-09-01,official_html_verified,"受託者・上限額はHTML本文で未確認",2026-09-30
harima-2025-genai-service,播磨町,town,兵庫県,2025,播磨町生成AIサービス提供業務,general_genai_service,公募型プロポーザル,selected,1595000,,シフトプラス株式会社,5,2025-11-04,2026-03-31,利用環境・想定利用状況を踏まえて適切な生成AIサービス提供事業者を選定,"実施要領;仕様書;質疑回答",https://www.town.harima.lg.jp/kikaku/chosejoho/proposal/generativeai.html,2025-10-16,official_html_verified,"契約開始日は予定日",2026-09-30
oumi-2026-joint-genai,おうみ自治体クラウド協議会,joint_municipal,滋賀県,2026,おうみ自治体クラウド・生成AIサービス提供事業,shared_municipal_genai_service,公募型プロポーザル,selected,,,NTTドコモビジネス株式会社,2,2026-04-01,2027-03-31,複数市による共同調達の生成AIサービス提供事業,"実施要領;仕様書;企画提案評価シート;質問回答",https://www.city.omihachiman.lg.jp/soshiki/joho_seisaku/cloud/nyusatsu/41146.html,2026-03-23,official_html_verified,"案件ページ記載の対象は草津・守山・湖南・近江八幡・米原・甲賀の6市",2026-09-30
