case_id,government_name,category,specification,qa_amendment,requirement_matrix,evaluation,result,contract_final,assessed_roles,reviewed_roles,blocking_roles,public_reconstructability,last_verified,notes
sendai-2025-genai-pilot,仙台市,general_genai_pilot_rag_training,reviewed,reviewed,not_applicable,reviewed,reviewed,not_found_in_reviewed_sources,6,4,contract_final:not_found_in_reviewed_sources,publicly_bounded,2026-10-01,"Coverage describes the reviewed evidence scope, not procurement or government quality. not_assessed is not evidence absence."
sendai-2026-genai-service,仙台市,general_genai_rag_internal_operations,reviewed,reviewed,not_applicable,reviewed,reviewed,not_found_in_reviewed_sources,6,4,contract_final:not_found_in_reviewed_sources,publicly_bounded,2026-10-05,"Coverage describes the reviewed evidence scope, not procurement or government quality. not_assessed is not evidence absence."
obu-2026-genai-service,大府市,general_genai_service,reviewed,reviewed,reviewed,reviewed,reviewed,not_found_in_reviewed_sources,6,5,contract_final:not_found_in_reviewed_sources,publicly_bounded,2026-10-06,"Coverage describes the reviewed evidence scope, not procurement or government quality. not_assessed is not evidence absence."
yaizu-2025-genai-service,焼津市,general_genai_service,reviewed,reviewed,reviewed,reviewed,reviewed,not_found_in_reviewed_sources,6,5,contract_final:not_found_in_reviewed_sources,publicly_bounded,2026-10-06,"Coverage describes the reviewed evidence scope, not procurement or government quality. not_assessed is not evidence absence."
kyoto-2026-general-genai,京都市,general_purpose_genai,reviewed,not_found_in_reviewed_sources,not_applicable,reviewed,reviewed,not_found_in_reviewed_sources,6,3,qa_amendment:not_found_in_reviewed_sources;contract_final:not_found_in_reviewed_sources,publicly_bounded,2026-10-02,"Coverage describes the reviewed evidence scope, not procurement or government quality. not_assessed is not evidence absence."
kobe-2026-spec-authoring-ai,神戸市,genai_specification_authoring,reviewed,not_public,not_applicable,reviewed,reviewed,not_found_in_reviewed_sources,6,3,qa_amendment:not_public;contract_final:not_found_in_reviewed_sources,publicly_bounded,2026-10-02,"Coverage describes the reviewed evidence scope, not procurement or government quality. not_assessed is not evidence absence."
saitama-2026-ai-digital-support,埼玉県,citizen_application_consultation_support,reviewed,reviewed,not_applicable,reviewed,reviewed,not_found_in_reviewed_sources,6,4,contract_final:not_found_in_reviewed_sources,publicly_bounded,2026-10-03,"Coverage describes the reviewed evidence scope, not procurement or government quality. not_assessed is not evidence absence."
nishiwaki-2025-genai-service,西脇市,general_genai_service,reviewed,reviewed,reviewed,reviewed,reviewed,not_found_in_reviewed_sources,6,5,contract_final:not_found_in_reviewed_sources,publicly_bounded,2026-10-06,"Coverage describes the reviewed evidence scope, not procurement or government quality. not_assessed is not evidence absence."
toyooka-2025-genai-service,豊岡市,general_genai_service,reviewed,reviewed,reviewed,reviewed,reviewed,not_found_in_reviewed_sources,6,5,contract_final:not_found_in_reviewed_sources,publicly_bounded,2026-10-06,"Coverage describes the reviewed evidence scope, not procurement or government quality. not_assessed is not evidence absence."
harima-2025-genai-service,播磨町,general_genai_service,reviewed,source_unavailable,not_applicable,reviewed,reviewed,not_found_in_reviewed_sources,6,3,qa_amendment:source_unavailable;contract_final:not_found_in_reviewed_sources,publicly_bounded,2026-10-05,"Coverage describes the reviewed evidence scope, not procurement or government quality. not_assessed is not evidence absence."
oumi-2026-joint-genai,おうみ自治体クラウド協議会,shared_municipal_genai_service,reviewed,reviewed,not_assessed,reviewed,reviewed,not_found_in_reviewed_sources,5,4,contract_final:not_found_in_reviewed_sources,publicly_bounded,2026-10-01,"Coverage describes the reviewed evidence scope, not procurement or government quality. not_assessed is not evidence absence."
kobe-2025-dify-platform,神戸市,genai_platform_rag_workflow_agent,not_public,not_public,not_assessed,reviewed,reviewed,not_public,5,2,specification:not_public;qa_amendment:not_public;contract_final:not_public,publicly_bounded,2026-10-05,"Coverage describes the reviewed evidence scope, not procurement or government quality. not_assessed is not evidence absence."
kobe-2026-tax-voicebot,神戸市,genai_voicebot_tax_inquiries,reviewed,not_public,not_assessed,reviewed,reviewed,not_public,5,3,qa_amendment:not_public;contract_final:not_public,publicly_bounded,2026-10-01,"Coverage describes the reviewed evidence scope, not procurement or government quality. not_assessed is not evidence absence."
koshigaya-2024-genai-service-training,越谷市,general_genai_service_training,reviewed,reviewed,not_applicable,reviewed,reviewed,not_found_in_reviewed_sources,6,4,contract_final:not_found_in_reviewed_sources,publicly_bounded,2026-10-06,"Coverage describes the reviewed evidence scope, not procurement or government quality. not_assessed is not evidence absence."
kitakyushu-2025-genai-service,北九州市,general_genai_rag_migration,reviewed,not_public,reviewed,reviewed,reviewed,not_assessed,5,4,qa_amendment:not_public,publicly_bounded,2026-10-06,"Coverage describes the reviewed evidence scope, not procurement or government quality. not_assessed is not evidence absence."
hamada-2025-municipal-genai,浜田市,municipal_genai_service,reviewed,reviewed,not_applicable,reviewed,reviewed,not_found_in_reviewed_sources,6,4,contract_final:not_found_in_reviewed_sources,publicly_bounded,2026-10-06,"Coverage describes the reviewed evidence scope, not procurement or government quality. not_assessed is not evidence absence."
wakayama-2026-genai-support,和歌山県,general_genai_rag_deep_research_support,reviewed,not_found_in_reviewed_sources,reviewed,reviewed,reviewed,not_found_in_reviewed_sources,6,4,qa_amendment:not_found_in_reviewed_sources;contract_final:not_found_in_reviewed_sources,publicly_bounded,2026-10-05,"Coverage describes the reviewed evidence scope, not procurement or government quality. not_assessed is not evidence absence."
yamagata-gifu-2026-genai-service,山県市,general_genai_service_rag_dashboard,reviewed,reviewed,not_applicable,source_unavailable,reviewed,not_found_in_reviewed_sources,6,3,evaluation:source_unavailable;contract_final:not_found_in_reviewed_sources,publicly_bounded,2026-10-05,"Coverage describes the reviewed evidence scope, not procurement or government quality. not_assessed is not evidence absence."
koge-2026-genai-procurement,上毛町,general_genai_service,reviewed,reviewed,not_applicable,reviewed,reviewed,not_found_in_reviewed_sources,6,4,contract_final:not_found_in_reviewed_sources,publicly_bounded,2026-10-05,"Coverage describes the reviewed evidence scope, not procurement or government quality. not_assessed is not evidence absence."
gosen-2026-genai-service,五泉市,general_genai_service,reviewed,reviewed,not_applicable,reviewed,reviewed,not_found_in_reviewed_sources,6,4,contract_final:not_found_in_reviewed_sources,publicly_bounded,2026-10-05,"Coverage describes the reviewed evidence scope, not procurement or government quality. not_assessed is not evidence absence."
fukushima-2025-genai-pilot,福島県,genai_pilot_rag_adoption,reviewed,reviewed,not_applicable,reviewed,reviewed,not_found_in_reviewed_sources,6,4,contract_final:not_found_in_reviewed_sources,publicly_bounded,2026-10-05,"Coverage describes the reviewed evidence scope, not procurement or government quality. not_assessed is not evidence absence."
fukushima-2026-genai-pilot-expansion,福島県,genai_pilot_rag_governance,reviewed,reviewed,not_applicable,reviewed,reviewed,not_found_in_reviewed_sources,6,4,contract_final:not_found_in_reviewed_sources,publicly_bounded,2026-10-06,"Coverage describes the reviewed evidence scope, not procurement or government quality. not_assessed is not evidence absence."
kagoshima-2026-genai-service,鹿児島県,general_genai_rag_lgwan,reviewed,source_unavailable,not_found_in_reviewed_sources,not_found_in_reviewed_sources,not_public,not_found_in_reviewed_sources,6,1,qa_amendment:source_unavailable;requirement_matrix:not_found_in_reviewed_sources;evaluation:not_found_in_reviewed_sources;result:not_public;contract_final:not_found_in_reviewed_sources,publicly_bounded,2026-10-05,"Coverage describes the reviewed evidence scope, not procurement or government quality. not_assessed is not evidence absence."
gunma-2026-joint-genai,群馬県情報化推進協議会,shared_municipal_genai_service,source_unavailable,not_found_in_reviewed_sources,source_unavailable,source_unavailable,not_found_in_reviewed_sources,not_found_in_reviewed_sources,6,0,specification:source_unavailable;qa_amendment:not_found_in_reviewed_sources;requirement_matrix:source_unavailable;evaluation:source_unavailable;result:not_found_in_reviewed_sources;contract_final:not_found_in_reviewed_sources,publicly_bounded,2026-10-02,"Coverage describes the reviewed evidence scope, not procurement or government quality. not_assessed is not evidence absence."
hokkaido-2025-genai-rag-pilot,北海道,genai_rag_pilot_evaluation,reviewed,reviewed,not_applicable,reviewed,conflicting_sources,not_found_in_reviewed_sources,6,3,result:conflicting_sources;contract_final:not_found_in_reviewed_sources,publicly_bounded,2026-10-05,"Coverage describes the reviewed evidence scope, not procurement or government quality. not_assessed is not evidence absence."
hokkaido-2026-genai-rag-service,北海道,genai_rag_production,source_unavailable,not_assessed,not_assessed,not_applicable,reviewed,not_found_in_reviewed_sources,4,1,specification:source_unavailable;contract_final:not_found_in_reviewed_sources,publicly_bounded,2026-10-01,"Coverage describes the reviewed evidence scope, not procurement or government quality. not_assessed is not evidence absence."
itoshima-2026-citizen-genai-chatbot,糸島市,citizen_genai_chatbot,reviewed,reviewed,not_reviewed,reviewed,reviewed,not_found_in_reviewed_sources,6,4,contract_final:not_found_in_reviewed_sources,publicly_bounded,2026-10-07,"Coverage describes the reviewed evidence scope, not procurement or government quality. not_assessed is not evidence absence."
matsue-2026-genai-support,松江市,general_genai_service,reviewed,not_reviewed,not_reviewed,reviewed,reviewed,not_found_in_reviewed_sources,6,3,contract_final:not_found_in_reviewed_sources,publicly_bounded,2026-10-07,"Coverage describes the reviewed evidence scope, not procurement or government quality. not_assessed is not evidence absence."
minoh-2026-genai-license,箕面市,general_genai_service,reviewed,reviewed,reviewed,reviewed,reviewed,not_found_in_reviewed_sources,6,5,contract_final:not_found_in_reviewed_sources,publicly_bounded,2026-10-07,"Coverage describes the reviewed evidence scope, not procurement or government quality. not_assessed is not evidence absence."
