case_id,government_name,buyer_scope,selection_method,award_basis,contracting_model,pricing_basis,lifecycle_stage,source_url,notes,collected_at
kagoshima-2026-genai-service,鹿児島県,single_prefecture,public_proposal,best_overall_proposal_under_ceiling,single_entity_contract,"proposal ceiling 8,833,000 JPY including tax",production_service,https://www.pref.kagoshima.jp/ac03/jyouhou/documents/126554_20260217202134-1.pdf,選定結果は参加者へ通知。今回の公式検索では公開された受託候補者を確認できずresult_unverified,2026-10-01
gunma-2026-joint-genai,群馬県情報化推進協議会,multi_entity_joint,public_proposal,highest_evaluation_score,joint vendor selection + separate contract by each participating entity,entity-specific ceilings; initial/basic/maintenance + LGWAN/training options,production_service,https://www.pref.gunma.jp/uploaded/attachment/686869.pdf,選定後に各団体向け再見積を求め各団体が個別契約。RAG機能評価シートを提案審査に使用,2026-10-01
hokkaido-2025-genai-rag-pilot,北海道,single_prefecture,public_proposal,best_overall_proposal,single_entity_contract,fixed-fee service; approximately 200M tokens/month assumed,pilot,https://www.pref.hokkaido.lg.jp/sm/jsk/216351.html,RAGの精度・有効活用方法・業務効率化効果を検証し本格導入を検討,2026-10-01
hokkaido-2026-genai-rag-service,北海道,single_prefecture,restricted_general_competitive_bid,lowest_valid_bid_within_planned_price,single_entity_contract,price competition; official bid amounts shown tax-exclusive,production_service,https://www.pref.hokkaido.lg.jp/sm/jsk/254586.html,最低制限価格・低入札価格調査制度の対象外。前年のRAG実証後に調達方式が価格競争型へ移行,2026-10-01
oumi-2026-joint-genai,おうみ自治体クラウド協議会,multi_entity_joint,public_proposal,best_overall_proposal,council basic contract + separate service agreement with each participating municipality,common plan/pricing set by basic contract; actual service application per municipality,production_service,https://www.city.omihachiman.lg.jp/material/files/group/115/AI_kaitou.pdf,協議会会長（近江八幡市長）と基本契約を締結し、基本契約に基づく実利用契約は各自治体と締結する想定,2026-10-01
koge-2026-genai-procurement,上毛町,single_town,public_proposal,highest_evaluation_score,single_entity_contract,"proposal ceiling 1,200,000 JPY including tax",production_service,https://www.town.koge.lg.jp/material/files/group/27/aizissiyouryou202606.pdf,100点満点。機能25・RAG/拡張25・セキュリティ25・伴走20・価格5,2026-10-01
gosen-2026-genai-service,五泉市,single_city,public_proposal,highest_combined_primary_secondary_score,single_entity_contract,"proposal ceiling 1,340,000 JPY including tax; price contributes 200/1000",production_service,https://www.city.gosen.lg.jp/material/files/group/1/s1_genAI_jisshiyouryou.pdf,一次書面＋二次プレゼン/デモ。価格点は一次・二次で同一得点を用い合計200/1000を確保,2026-10-01
kyoto-2026-general-genai,京都市,single_city,public_proposal,highest_evaluation_score_with_60pct_threshold,single_entity_contract,"proposal ceiling 6,600,000 JPY including tax; cost performance 35/100",production_service,https://www.city.kyoto.lg.jp/sogo/cmsfiles/contents/0000349/349781/01_guide.pdf,"最高評価者の平均点が60点未満なら受託候補者を選定しない。最大7,000アカウント・月30,000回の想定利用量を基礎に価格提案",2026-10-01
kitakyushu-2025-genai-service,北九州市,single_city,public_proposal,highest_evaluation_score,single_entity_contract,"proposal ceiling 9,000,000 JPY including tax",production_service,https://ssl.city.kitakyushu.lg.jp/contents/337_00019.html,5 proposers. Q&A distributed privately to participants; full mandatory feature matrix currently source_unavailable,2026-10-01
kobe-2026-tax-voicebot,神戸市,single_city,public_proposal,highest_evaluation_score_with_50pct_threshold,"single entity contract; final terms resolved by Q&A > specification > proposal, except superior proposal portions may prevail","proposal ceiling 12,760,000 JPY including tax; price 15/100; local-company factor 10/100",production_service,https://www.city.kobe.lg.jp/documents/83354/jisshiyoryo.pdf,"If top score is below 50/100 no contractor is selected. Q&A is not publicly available, so contract-final requirements are not fully publicly reconstructable",2026-10-01
koshigaya-2024-genai-service-training,越谷市,single_city,public_proposal,highest_total_score_with_60pct_threshold,two contracts selected through one proposal: AI service + training,"service ceiling 792,000 JPY incl tax; training ceiling 2,700,000 JPY incl tax; price 30/100",production_service,https://www.city.koshigaya.saitama.jp/kurashi_shisei/jigyosha/dejitaru/files/01_generation-ai-kaisaiyoryo.pdf,"Selected proposer enters negotiated contracts based on proposal; if no agreement, next-ranked proposer may be approached",2026-10-01
sendai-2025-genai-pilot,仙台市,single_city,public_proposal,highest_total_score_with_60pct_threshold,single_entity_contract_after_negotiation_with_preferred_proposer,"proposal ceiling 2,290,000 JPY including tax; economic criterion 5/150",pilot_with_training,https://www.city.sendai.jp/rikatsuyou/propo/documents/01_ai_boshuyoryo.pdf,公募型提案審査。各審査委員の合計得点が最も高い提案者を選定し、満点の60%未満は候補者にしない。候補提案・委託内容・金額は協議により変更され得る。公開得点なし,2026-10-01
kobe-2025-dify-platform,神戸市,single_city,public_proposal,highest_total_score; tie broken by content score then lottery,"FY2025 design/development contract; FY2026+ operations/maintenance intended as separate negotiated contract with design/development vendor, subject to budget","proposal ceiling 8,000,000 JPY including tax; price 20/100 using (1-bid/ceiling)*20",platform_build,https://www.city.kobe.lg.jp/documents/81990/aiplatform_jissiyouryou.pdf,"FY2025 scope is design/development. Public guide anticipates a separate negotiated operations/maintenance contract from FY2026, but future contract depends on budget. Detailed specification and participant Q&A are not public",2026-10-05
itoshima-2026-citizen-genai-chatbot,糸島市,single_city,public_proposal,highest_total_score_with_60pct_threshold,negotiation_with_preferred_proposer,"FY2026 ceiling components: build 5,500,000 JPY incl tax; operation 3,075,600 JPY incl tax for Sep-Mar; usage-based charges if any must remain within operation ceiling",production_service_build_and_operation,https://www.city.itoshima.lg.jp/s007/050/030/aichat/01_guidelines.pdf,優先交渉権者選定後に契約協議。提案・協議を踏まえ契約仕様を調整し得るため公募時要件をcontract-finalへ昇格しない,2026-10-06
matsue-2026-genai-support,松江市,single_city,public_proposal,highest_combined_evaluation_to_first_priority_negotiator,negotiation_with_first_priority_negotiator,"proposal ceiling 1,367,000 JPY incl tax; monthly fixed usage fee; capped models auto-stop at limit",production_service_introduction,https://www.city.matsue.lg.jp/material/files/group/6/jishiyouryo.pdf,公開Q&Aは5月19日現在で、実施要領の最終回答予定5月21日との最終性未解決。契約前協議で仕様調整し得る,2026-10-06
minoh-2026-genai-license,箕面市,single_city,general_competitive_bid,highest_total_evaluation_score,single_entity_contract,"planned price 1,992,000 JPY tax excluded total; fixed-fee service; no automatic usage-based overage; cap reached => restriction without additional charge",production_service,https://www.city.minoh.lg.jp/gyoukaku/keiyaku/r8nyusatsu.html,価格100点＋提案200点の総合評価。1者入札。実契約金額・締結済み契約・実稼働は未確認,2026-10-06
