case_id,document_role,source_id,review_state,unknown_reason,last_verified,notes
oumi-2026-joint-genai,specification,SRC-oumi-2026-spec,reviewed,,2026-10-01,"当初仕様。後続Q&Aによる変更あり"
oumi-2026-joint-genai,qa_amendment,SRC-oumi-2026-qa,reviewed,,2026-10-01,"有効要件判定に使用"
oumi-2026-joint-genai,evaluation,SRC-oumi-2026-evaluation,reviewed,,2026-10-01,"1000点満点。proposal関連350・機能350・価格300"
oumi-2026-joint-genai,result,SRC-oumi-2026-result,reviewed,,2026-10-01,"公告日・現参加6市・選定結果を確認"
fukushima-2026-genai-pilot-expansion,specification,SRC-fukushima-2026-spec,reviewed,,2026-10-01,"事業段階を実証として再確認"
fukushima-2026-genai-pilot-expansion,evaluation,SRC-fukushima-2026-evaluation,reviewed,,2026-10-01,"安全な実証、本格導入に向けた整理を評価文言でも確認"
fukushima-2026-genai-pilot-expansion,result,SRC-fukushima-2026-result,reviewed,,2026-10-01,"公式HTMLでも実証目的を確認"
fukushima-2026-genai-pilot-expansion,qa_amendment,,not_reviewed,not_reviewed,2026-10-01,"今回の代表案件再監査では質疑の変更有無まで未確認"
obu-2026-genai-service,specification,SRC-obu-2026-spec,reviewed,,2026-10-01,"仕様本文を再確認"
obu-2026-genai-service,qa_amendment,SRC-obu-2026-qa,reviewed,,2026-10-01,"No.22-45を中心に業務要件の解釈・許容条件を再監査"
obu-2026-genai-service,requirement_matrix,SRC-obu-2026-requirement-matrix,source_unavailable,source_unavailable,2026-10-01,"公式Excelは存在・数式修正版を確認したがworkbook本文は取得不能"
obu-2026-genai-service,evaluation,SRC-obu-2026-evaluation-matrix,source_unavailable,source_unavailable,2026-10-01,"2次審査表Excel本文は現在の取得経路では取得不能"
obu-2026-genai-service,result,SRC-obu-2026-page,reviewed,,2026-10-01,"公告日、質疑公開、参加者・得点・優先交渉権者を確認"
yaizu-2025-genai-service,specification,SRC-yaizu-2025-spec,reviewed,,2026-10-01,"仕様本文を再確認。詳細必須/望ましい機能は別紙1に委任"
yaizu-2025-genai-service,qa_amendment,SRC-yaizu-2025-qa,reviewed,,2026-10-01,"No.1-10を再監査"
yaizu-2025-genai-service,requirement_matrix,SRC-yaizu-2025-requirement-matrix,source_unavailable,source_unavailable,2026-10-01,"公式Excelの存在を確認したがworkbook本文は取得不能"
yaizu-2025-genai-service,evaluation,SRC-yaizu-2025-evaluation,reviewed,,2026-10-01,"100点満点、要求機能25点、必須項目対応不可で失格を確認"
yaizu-2025-genai-service,result,SRC-yaizu-2025-page,reviewed,,2026-10-01,"公告日、上限、選定結果、HTMLスケジュール異常を確認"
kitakyushu-2025-genai-service,result,SRC-kitakyushu-2025-page,reviewed,,2026-10-01,"公告・選定結果・添付資料一覧を確認"
kitakyushu-2025-genai-service,procurement_guide,SRC-kitakyushu-2025-guide,reviewed,,2026-10-01,"質問回答は参加者へのメールであり公開本文なし"
kitakyushu-2025-genai-service,specification,SRC-kitakyushu-2025-spec,reviewed,,2026-10-01,"既存RAG移行・利用規模・モデル等を確認"
kitakyushu-2025-genai-service,requirement_matrix,SRC-kitakyushu-2025-feature-matrix,source_unavailable,source_unavailable,2026-10-01,"公式Excel本文を取得できず、必須機能全件の独立再監査は未完了"
kitakyushu-2025-genai-service,evaluation,SRC-kitakyushu-2025-evaluation,reviewed,,2026-10-01,"100点/審査員の配点と評価軸を再確認"
kitakyushu-2025-genai-service,qa_amendment,SRC-kitakyushu-2025-qa-private,not_public,not_public,2026-10-01,"公式回答は参加者へEメール。公開資料だけでは質疑による変更・解釈を完全再構成できない"
kobe-2026-tax-voicebot,result,SRC-kobe-2026-voicebot-page,reviewed,,2026-10-01,"3社の公開得点・契約候補者・契約額を確認"
kobe-2026-tax-voicebot,procurement_guide,SRC-kobe-2026-voicebot-guide,reviewed,,2026-10-01,"評価基準・質問回答の非公開配布・契約文書優先順位を確認"
kobe-2026-tax-voicebot,specification,SRC-kobe-2026-voicebot-spec,reviewed,,2026-10-01,"最低限サービス要件・機能・セキュリティを再監査"
kobe-2026-tax-voicebot,qa_amendment,SRC-kobe-2026-voicebot-qa-private,not_public,not_public,2026-10-01,"参加者へのEメール回答。契約上は仕様書より優先するため公開仕様だけでは契約最終状態を確定できない"
kobe-2026-tax-voicebot,faq_attachment,SRC-kobe-2026-voicebot-faq,source_unavailable,source_unavailable,2026-10-01,"公開Excelは存在するが本文取得不能"
