source_id,case_id,document_type,title,url,published_at,retrieved_at,version_label,access_state,snapshot_hash,snapshot_status,notes
SRC-oumi-2026-spec,oumi-2026-joint-genai,official_specification,おうみ自治体クラウド・生成AIサービス提供事業 仕様書,https://www.city.omihachiman.lg.jp/material/files/group/115/AI_Shiyousyo2.pdf,,2026-10-01,original_spec,accessible,,external_url_only,"当初仕様。後続の公式質問回答による変更を単独では有効要件として扱わない"
SRC-oumi-2026-qa,oumi-2026-joint-genai,official_qa_amendment,おうみ自治体クラウド・生成AIサービス提供事業 質問回答,https://www.city.omihachiman.lg.jp/material/files/group/115/AI_kaitou.pdf,2026-03-10,2026-10-01,qa_amendment,accessible,,external_url_only,"仕様変更・緩和を含む。有効要件判定では当初仕様より後続資料として優先"
SRC-oumi-2026-evaluation,oumi-2026-joint-genai,official_evaluation,おうみ自治体クラウド・生成AIサービス提供事業 企画提案書評価シート,https://www.city.omihachiman.lg.jp/material/files/group/115/AI_besshi1.pdf,,2026-10-01,evaluation,accessible,,external_url_only,"合計1000点"
SRC-oumi-2026-result,oumi-2026-joint-genai,official_result,生成AIサービス提供事業の公募型プロポーザルについて（終了）,https://www.city.omihachiman.lg.jp/soshiki/joho_seisaku/cloud/nyusatsu/41146.html,2026-03-23,2026-10-01,result_page,accessible,,external_url_only,"公告日は2026-03-02。業務場所は現参加6市"
SRC-fukushima-2025-spec,fukushima-2025-genai-pilot,official_specification,生成AIサービス導入支援業務仕様書（案）,https://www.pref.fukushima.lg.jp/uploaded/attachment/678532.pdf,,2026-10-01,fy2025_spec,accessible,,external_url_only,"実証として導入し本格化を目指す"
SRC-fukushima-2026-spec,fukushima-2026-genai-pilot-expansion,official_specification,生成AIサービス導入支援業務仕様書（案）,https://www.pref.fukushima.lg.jp/uploaded/attachment/734795.pdf,,2026-10-01,fy2026_spec,accessible,,external_url_only,"2026年度も実証。次段階の本格導入に向けた要件・体制・運用・ガバナンス整理"
SRC-fukushima-2026-evaluation,fukushima-2026-genai-pilot-expansion,official_evaluation,生成AIサービス導入支援業務 評価基準,https://www.pref.fukushima.lg.jp/uploaded/attachment/734796.pdf,,2026-10-01,fy2026_evaluation,accessible,,external_url_only,"業務理解に『安全な実証、本格導入に向けた整理』を明記"
SRC-fukushima-2026-result,fukushima-2026-genai-pilot-expansion,official_result,生成AIサービス導入支援業務公募型プロポーザル実施について,https://g5htx4cdn.pref.fukushima.lg.jp/sec/11045a/ai-proposal-2026.html,2026-05-20,2026-10-01,result_page,accessible,,external_url_only,"公式HTMLでも実証と次段階の本格導入準備を明記"
SRC-kyoto-2026-general-genai-spec,kyoto-2026-general-genai,official_procurement_document,令和8年度 庁内利活用のための汎用的な生成AIサービス提供事業者に係る募集要項（別紙1仕様書を含む）,https://www.city.kyoto.lg.jp/sogo/cmsfiles/contents/0000349/349781/01_guide.pdf,,2026-10-01,current_bundle,accessible,,external_url_only,"既存sources Markdownと同一source ID。RAGは当該調達の要件外"
