case_id,government_name,vendor_label,vendor_name,stage1_score,stage2_score,total_score,total_score_max,rank,selected,source_url,collected_at
obu-2026-genai-service,大府市,A社,,380,236,616,750,2,false,https://www.city.obu.aichi.jp/jigyo/news_jigyo/1038173.html,2026-09-30
obu-2026-genai-service,大府市,B社,,371,229,600,750,3,false,https://www.city.obu.aichi.jp/jigyo/news_jigyo/1038173.html,2026-09-30
obu-2026-genai-service,大府市,ソフトバンク株式会社,ソフトバンク株式会社,371,250,621,750,1,true,https://www.city.obu.aichi.jp/jigyo/news_jigyo/1038173.html,2026-09-30
obu-2026-genai-service,大府市,C社,,369,,,750,,false,https://www.city.obu.aichi.jp/jigyo/news_jigyo/1038173.html,2026-09-30
yaizu-2025-genai-service,焼津市,A社,西日本電信電話株式会社静岡支店,,,84,100,1,true,https://www.city.yaizu.lg.jp/documents/19797/proposal_kekka.pdf,2026-09-30
yaizu-2025-genai-service,焼津市,B社,,,,81,100,3,false,https://www.city.yaizu.lg.jp/documents/19797/proposal_kekka.pdf,2026-09-30
yaizu-2025-genai-service,焼津市,C社,,,,78,100,4,false,https://www.city.yaizu.lg.jp/documents/19797/proposal_kekka.pdf,2026-09-30
yaizu-2025-genai-service,焼津市,D社,,,,83,100,2,false,https://www.city.yaizu.lg.jp/documents/19797/proposal_kekka.pdf,2026-09-30
kitakyushu-2025-genai-service,北九州市,株式会社QTnet,株式会社QTnet,,,381.25,500,1,true,https://ssl.city.kitakyushu.lg.jp/contents/337_00019.html,2026-09-30
kitakyushu-2025-genai-service,北九州市,A社,,,,355.00,500,2,false,https://ssl.city.kitakyushu.lg.jp/contents/337_00019.html,2026-09-30
kitakyushu-2025-genai-service,北九州市,B社,,,,346.25,500,3,false,https://ssl.city.kitakyushu.lg.jp/contents/337_00019.html,2026-09-30
kitakyushu-2025-genai-service,北九州市,C社,,,,307.50,500,4,false,https://ssl.city.kitakyushu.lg.jp/contents/337_00019.html,2026-09-30
kitakyushu-2025-genai-service,北九州市,D社,,,,305.00,500,5,false,https://ssl.city.kitakyushu.lg.jp/contents/337_00019.html,2026-09-30
oumi-2026-joint-genai,おうみ自治体クラウド協議会,NTTドコモビジネス株式会社,NTTドコモビジネス株式会社,,,733,1000,1,true,https://www.city.omihachiman.lg.jp/soshiki/joho_seisaku/cloud/nyusatsu/41146.html,2026-10-01
oumi-2026-joint-genai,おうみ自治体クラウド協議会,B者,,,,708,1000,2,false,https://www.city.omihachiman.lg.jp/soshiki/joho_seisaku/cloud/nyusatsu/41146.html,2026-10-01
kyoto-2026-general-genai,京都市,株式会社サテライトオフィス,株式会社サテライトオフィス,,,74.1,100,1,true,https://www.city.kyoto.lg.jp/sogo/page/0000351116.html,2026-10-01
kyoto-2026-general-genai,京都市,A社,,,,68.5,100,2,false,https://www.city.kyoto.lg.jp/sogo/page/0000351116.html,2026-10-01
kyoto-2026-general-genai,京都市,B社,,,,57.5,100,3,false,https://www.city.kyoto.lg.jp/sogo/page/0000351116.html,2026-10-01
kyoto-2026-general-genai,京都市,C社,,,,50.3,100,4,false,https://www.city.kyoto.lg.jp/sogo/page/0000351116.html,2026-10-01
kobe-2026-tax-voicebot,神戸市,株式会社NTTマーケティングアクトProCX,株式会社NTTマーケティングアクトProCX,,,70,100,1,true,https://www.city.kobe.lg.jp/a53704/r8voicebot_koubo.html,2026-10-01
kobe-2026-tax-voicebot,神戸市,B社,,,,55,100,2,false,https://www.city.kobe.lg.jp/a53704/r8voicebot_koubo.html,2026-10-01
kobe-2026-tax-voicebot,神戸市,C社,,,,54,100,3,false,https://www.city.kobe.lg.jp/a53704/r8voicebot_koubo.html,2026-10-01
koshigaya-2024-genai-service-training,越谷市,株式会社イマクリエ,株式会社イマクリエ,,,428.97,600,1,true,https://www.city.koshigaya.saitama.jp/kurashi_shisei/jigyosha/dejitaru/files/sennteikekka.pdf,2026-10-01
koshigaya-2024-genai-service-training,越谷市,シフトプラス株式会社,シフトプラス株式会社,,,421.13,600,2,false,https://www.city.koshigaya.saitama.jp/kurashi_shisei/jigyosha/dejitaru/files/sennteikekka.pdf,2026-10-01
kobe-2026-spec-authoring-ai,神戸市,富士通Japan株式会社,富士通Japan株式会社,,,73,100,1,true,https://www.city.kobe.lg.jp/a69423/business/202602_siyousyosakuseisiensystembosyu.html,2026-10-03
kobe-2026-spec-authoring-ai,神戸市,A社,,,,65,100,2,false,https://www.city.kobe.lg.jp/a69423/business/202602_siyousyosakuseisiensystembosyu.html,2026-10-03
itoshima-2026-citizen-genai-chatbot,糸島市,優先交渉権者,株式会社ecbeing,,,203.61,250,1,true,https://www.city.itoshima.lg.jp/s007/050/030/aichat/result.pdf,2026-10-06
matsue-2026-genai-support,松江市,第一優先交渉権者,株式会社電通総研,,,143.2,200,1,true,https://www.city.matsue.lg.jp/material/files/group/6/matsueaisenntei.pdf,2026-10-06
matsue-2026-genai-support,松江市,A社,,,,116.0,200,,false,https://www.city.matsue.lg.jp/material/files/group/6/matsueaisenntei.pdf,2026-10-06
matsue-2026-genai-support,松江市,B社,,,,141.8,200,,false,https://www.city.matsue.lg.jp/material/files/group/6/matsueaisenntei.pdf,2026-10-06
matsue-2026-genai-support,松江市,C社,,,,122.6,200,,false,https://www.city.matsue.lg.jp/material/files/group/6/matsueaisenntei.pdf,2026-10-06
matsue-2026-genai-support,松江市,D社,,,,128.6,200,,false,https://www.city.matsue.lg.jp/material/files/group/6/matsueaisenntei.pdf,2026-10-06
matsue-2026-genai-support,松江市,E社,,,,135.0,200,,false,https://www.city.matsue.lg.jp/material/files/group/6/matsueaisenntei.pdf,2026-10-06
minoh-2026-genai-license,箕面市,落札者,株式会社イマクリエ,,,183.8,300,1,true,https://www.city.minoh.lg.jp/gyoukaku/keiyaku/documents/r8ai_result.pdf,2026-10-06
